,Language
0,EN
1,EN
2,EN
3,EN
4,EN
5,EN
6,EN
7,EN
8,EN
9,EN
10,EN
11,EN
12,EN
13,EN
14,EN
15,EN
16,EN
17,EN
18,EN
19,EN
20,EN
21,EN
22,EN
23,EN
24,EN
25,EN
26,EN
27,EN
28,EN
29,EN
30,EN
31,EN
32,EN
33,EN
34,EN
35,EN
36,EN
37,EN
38,EN
39,EN
40,EN
41,EN
42,EN
43,EN
44,EN
45,EN
46,EN
47,EN
48,EN
49,EN
50,EN
51,EN
52,EN
53,EN
54,EN
55,EN
56,EN
57,EN
58,EN
59,EN
60,EN
61,EN
62,EN
63,EN
64,EN
65,EN
66,EN
67,EN
68,EN
69,EN
70,EN
71,EN
72,EN
73,EN
74,EN
75,EN
76,EN
77,EN
78,EN
79,EN
80,EN
81,EN
82,EN
83,EN
84,EN
85,EN
86,EN
87,EN
88,EN
89,EN
90,EN
91,EN
92,EN
93,EN
94,EN
95,EN
96,EN
97,EN
98,EN
99,EN
100,EN
101,EN
102,EN
103,EN
104,EN
105,EN
106,EN
107,EN
108,EN
109,EN
110,EN
111,EN
112,EN
113,EN
114,EN
115,EN
116,EN
117,EN
118,EN
119,EN
120,EN
121,EN
122,EN
123,EN
124,EN
125,EN
126,EN
127,EN
128,EN
129,EN
130,EN
131,EN
132,EN
133,EN
134,EN
135,EN
136,EN
137,EN
138,EN
139,EN
140,EN
141,EN
142,EN
143,EN
144,EN
145,EN
146,EN
147,EN
148,EN
149,EN
150,EN
151,EN
152,EN
153,EN
154,EN
155,EN
156,EN
157,EN
158,EN
159,EN
160,EN
161,EN
162,EN
163,EN
164,EN
165,EN
166,EN
167,EN
168,EN
169,EN
170,EN
171,EN
172,EN
173,EN
174,EN
175,EN
176,EN
177,EN
178,EN
179,EN
180,EN
181,EN
182,EN
183,EN
184,EN
185,EN
186,EN
187,EN
188,EN
189,EN
190,EN
191,EN
192,EN
193,EN
194,EN
195,EN
196,EN
197,EN
198,EN
199,EN
200,EN
201,EN
202,EN
203,EN
204,EN
205,EN
206,EN
207,EN
208,EN
209,EN
210,EN
211,EN
212,EN
213,EN
214,EN
215,EN
216,EN
217,EN
218,EN
219,EN
220,EN
221,EN
222,EN
223,EN
224,EN
225,EN
226,EN
227,EN
228,EN
229,EN
230,EN
231,EN
232,EN
233,EN
234,EN
235,EN
236,EN
237,EN
238,EN
239,EN
240,EN
241,EN
242,EN
243,EN
244,EN
245,EN
246,EN
247,EN
248,EN
249,EN
250,EN
251,EN
252,EN
253,EN
254,EN
255,EN
256,EN
257,EN
258,EN
259,EN
260,EN
261,EN
262,EN
263,EN
264,EN
265,EN
266,EN
267,EN
268,EN
269,EN
270,EN
271,EN
272,EN
273,EN
274,EN
275,EN
276,EN
277,EN
278,EN
279,EN
280,EN
281,EN
282,EN
283,EN
284,EN
285,EN
286,EN
287,EN
288,EN
289,EN
290,EN
291,EN
292,EN
293,EN
294,EN
295,EN
296,EN
297,EN
298,EN
299,EN
300,EN
301,EN
302,EN
303,EN
304,EN
305,EN
306,EN
307,EN
308,EN
309,EN
310,EN
311,EN
312,EN
313,EN
314,EN
315,EN
316,EN
317,EN
318,EN
319,EN
320,EN
321,EN
322,EN
323,EN
324,EN
325,EN
326,EN
327,EN
328,EN
329,EN
330,EN
331,EN
332,EN
333,EN
334,EN
335,EN
336,EN
337,EN
338,EN
339,EN
340,EN
341,EN
342,EN
343,EN
344,EN
345,EN
346,EN
347,EN
348,EN
349,EN
350,EN
351,EN
352,EN
353,EN
354,EN
355,EN
356,EN
357,EN
358,EN
359,EN
360,EN
361,EN
362,EN
363,EN
364,EN
365,EN
366,EN
367,EN
368,EN
369,EN
370,EN
371,EN
372,EN
373,EN
374,EN
375,EN
376,EN
377,EN
378,EN
379,EN
380,EN
381,EN
382,EN
383,EN
384,EN
385,EN
386,EN
387,EN
388,EN
